,Category,DayGrid,M+,M-,M-D,MD,MH,MN,PriceGrid,QtyGrid,QtyPriceFunction,SubsFactor,TimeFunction,Unnamed: 0
0,-1.0,30.0,0.0,0.0,0.0,0.2,2.0,2.0,0.0,1.0,nonlinear,1.1,sigmoid,0.0
1,2.0,30.0,0.0,0.0,0.0,0.2,2.0,2.0,0.0,1.0,nonlinear,1.1,sigmoid,0.0
2,3.0,30.0,0.0,0.0,0.0,0.2,2.0,2.0,0.0,1.0,nonlinear,1.1,sigmoid,0.0
3,4.0,30.0,4.125,0.0,0.0,0.2,2.0,2.0,0.0,1.0,nonlinear,1.1,sigmoid,0.0
4,5.0,30.0,7.5,0.0,0.0,0.2,2.0,2.0,0.0,1.0,nonlinear,1.1,sigmoid,0.0
5,8.0,30.0,4.5675276691,0.0,0.0,0.2,2.0,2.0,0.0,1.0,nonlinear,1.1,sigmoid,0.0
6,14.0,30.0,5.5714285714,0.0,0.0,0.2,2.0,2.0,0.0,1.0,nonlinear,1.1,sigmoid,0.0
7,15.0,30.0,6.40625,0.0,0.0,0.2,2.0,2.0,0.0,1.0,nonlinear,1.1,sigmoid,0.0
8,16.0,30.0,0.0,0.0,0.0,0.2,2.0,2.0,0.0,1.0,nonlinear,1.1,sigmoid,0.0
9,17.0,30.0,3.708522957,0.0,0.0,0.2,2.0,2.0,0.0,1.0,nonlinear,1.1,sigmoid,0.0
10,59.0,30.0,0.0,0.0,0.0,0.2,2.0,2.0,0.0,1.0,nonlinear,1.1,sigmoid,0.0
11,66.0,30.0,2.8095238095,0.0,0.0,0.5,2.0,2.0,0.0,1.0,nonlinear,1.1,sigmoid,3.0
12,67.0,30.0,4.3266594517,0.0,0.0,0.2,2.0,2.0,0.0,1.0,nonlinear,1.1,sigmoid,0.0
13,68.0,30.0,0.0,0.0,0.0,0.2,2.0,2.0,0.0,1.0,nonlinear,1.1,sigmoid,0.0
14,70.0,30.0,1.4810606061,0.0,0.0,0.5,2.0,2.0,0.0,1.0,nonlinear,1.1,sigmoid,3.0
15,97.0,30.0,0.0,0.0,0.0,0.2,2.0,2.0,0.0,1.0,nonlinear,1.1,sigmoid,0.0
16,101.0,30.0,0.0,0.0,0.0,0.2,2.0,2.0,0.0,1.0,nonlinear,1.1,sigmoid,0.0
17,123.0,30.0,0.0,0.0,0.0,0.2,2.0,2.0,0.0,1.0,nonlinear,1.1,sigmoid,0.0
18,125.0,30.0,0.0,0.0,0.0,0.2,2.0,2.0,0.0,1.0,nonlinear,1.1,sigmoid,0.0
19,132.0,30.0,0.0,0.0,0.0,0.2,2.0,2.0,0.0,1.0,nonlinear,1.1,sigmoid,0.0
20,134.0,30.0,6.6666666667,0.0,0.0,0.2,2.0,2.0,0.0,1.0,nonlinear,1.1,sigmoid,0.0
21,138.0,30.0,0.0,0.0,0.0,0.2,2.0,2.0,0.0,1.0,nonlinear,1.1,sigmoid,0.0
22,156.0,30.0,0.0,0.0,0.0,0.2,2.0,2.0,0.0,1.0,nonlinear,1.1,sigmoid,0.0
23,163.0,30.0,4.5,0.0,0.0,0.2,2.0,2.0,0.0,1.0,nonlinear,1.1,sigmoid,0.0
24,165.0,30.0,4.2129675236,0.0,0.0,0.2,2.0,2.0,0.0,1.0,nonlinear,1.1,sigmoid,0.0
25,167.0,30.0,0.0,0.0,0.0,0.2,2.0,2.0,0.0,1.0,nonlinear,1.1,sigmoid,0.0
26,168.0,30.0,0.0,0.0,0.0,0.2,2.0,2.0,0.0,1.0,nonlinear,1.1,sigmoid,0.0
27,169.0,30.0,0.0,0.0,0.0,0.2,2.0,2.0,0.0,1.0,nonlinear,1.1,sigmoid,0.0
28,170.0,30.0,2.8095238095,0.0,0.0,0.5,2.0,2.0,0.0,1.0,nonlinear,1.1,sigmoid,3.0
29,171.0,30.0,5.710277585,0.0,0.0,0.2,2.0,2.0,0.0,1.0,nonlinear,1.1,sigmoid,0.0
30,172.0,30.0,4.6927083333,0.0,0.0,0.2,2.0,2.0,0.0,1.0,nonlinear,1.1,sigmoid,0.0
31,174.0,30.0,4.6518113611,0.0,0.0,0.2,2.0,2.0,0.0,1.0,nonlinear,1.1,sigmoid,0.0
32,176.0,30.0,5.5606801792,0.0,0.0,0.2,2.0,2.0,0.0,1.0,nonlinear,1.1,sigmoid,0.0
33,177.0,30.0,5.1470117504,0.0,0.0,0.2,2.0,2.0,0.0,1.0,nonlinear,1.1,sigmoid,0.0
34,178.0,30.0,5.5709243565,0.0,0.0,0.2,2.0,2.0,0.0,1.0,nonlinear,1.1,sigmoid,0.0
35,179.0,30.0,2.7200342838,0.0,0.0,0.5,2.0,2.0,0.0,1.0,nonlinear,1.1,sigmoid,3.0
36,180.0,30.0,5.0684464405,0.0,0.0,0.2,2.0,2.0,0.0,1.0,nonlinear,1.1,sigmoid,0.0
37,181.0,30.0,5.1215469613,0.0,0.0,0.2,2.0,2.0,0.0,1.0,nonlinear,1.1,sigmoid,0.0
38,182.0,30.0,1.6540178571,0.0,0.0,0.5,2.0,2.0,0.0,1.0,nonlinear,1.1,sigmoid,3.0
39,183.0,30.0,1.6772712196,0.0,0.0,0.5,2.0,2.0,0.0,1.0,nonlinear,1.1,sigmoid,3.0
40,184.0,30.0,4.1598283008,0.0,0.0,0.2,2.0,2.0,0.0,1.0,nonlinear,1.1,sigmoid,0.0
41,185.0,30.0,4.1522020848,0.0,0.0,0.2,2.0,2.0,0.0,1.0,nonlinear,1.1,sigmoid,0.0
42,186.0,30.0,0.0,0.0,0.0,0.2,2.0,2.0,0.0,1.0,nonlinear,1.1,sigmoid,0.0
43,187.0,30.0,0.0,0.0,0.0,0.2,2.0,2.0,0.0,1.0,nonlinear,1.1,sigmoid,0.0
44,188.0,30.0,4.875,0.0,0.0,0.2,2.0,2.0,0.0,1.0,nonlinear,1.1,sigmoid,0.0
45,189.0,30.0,0.0,0.0,0.0,0.2,2.0,2.0,0.0,1.0,nonlinear,1.1,sigmoid,0.0
46,190.0,30.0,0.0,0.0,0.0,0.2,2.0,2.0,0.0,1.0,nonlinear,1.1,sigmoid,0.0
47,192.0,30.0,0.0,0.0,0.0,0.2,2.0,2.0,0.0,1.0,nonlinear,1.1,sigmoid,0.0
48,194.0,30.0,4.0179624422,0.0,0.0,0.2,2.0,2.0,0.0,1.0,nonlinear,1.1,sigmoid,0.0
49,195.0,30.0,3.3461538462,0.0,0.0,0.5,2.0,2.0,0.0,1.0,nonlinear,1.1,sigmoid,3.0
50,196.0,30.0,0.0,0.0,0.0,0.2,2.0,2.0,0.0,1.0,nonlinear,1.1,sigmoid,0.0
51,201.0,30.0,0.0,0.0,0.0,0.2,2.0,2.0,0.0,1.0,nonlinear,1.1,sigmoid,0.0
52,202.0,30.0,0.0,0.0,0.0,0.2,2.0,2.0,0.0,1.0,nonlinear,1.1,sigmoid,0.0
53,203.0,30.0,2.9412202381,0.0,0.0,0.5,2.0,2.0,0.0,1.0,nonlinear,1.1,sigmoid,3.0
54,205.0,30.0,5.5714285714,0.0,0.0,0.2,2.0,2.0,0.0,1.0,nonlinear,1.1,sigmoid,0.0
55,206.0,30.0,6.375,0.0,0.0,0.2,2.0,2.0,0.0,1.0,nonlinear,1.1,sigmoid,0.0
56,207.0,30.0,0.0,0.0,0.0,0.2,2.0,2.0,0.0,1.0,nonlinear,1.1,sigmoid,0.0
57,208.0,30.0,2.0870012714,0.0,0.0,0.5,2.0,2.0,0.0,1.0,nonlinear,1.1,sigmoid,3.0
58,210.0,30.0,0.0,0.0,0.0,0.2,2.0,2.0,0.0,1.0,nonlinear,1.1,sigmoid,0.0
59,211.0,30.0,0.0,0.0,0.0,0.2,2.0,2.0,0.0,1.0,nonlinear,1.1,sigmoid,0.0
60,212.0,30.0,0.0,0.0,0.0,0.2,2.0,2.0,0.0,1.0,nonlinear,1.1,sigmoid,0.0
61,214.0,30.0,6.8918918919,0.0,0.0,0.2,2.0,2.0,0.0,1.0,nonlinear,1.1,sigmoid,0.0
62,215.0,30.0,0.0,0.0,0.0,0.2,2.0,2.0,0.0,1.0,nonlinear,1.1,sigmoid,0.0
63,216.0,30.0,0.0,0.0,0.0,0.2,2.0,2.0,0.0,1.0,nonlinear,1.1,sigmoid,0.0
64,217.0,30.0,4.9319515208,0.0,0.0,0.2,2.0,2.0,0.0,1.0,nonlinear,1.1,sigmoid,0.0
65,218.0,30.0,6.8918918919,0.0,0.0,0.2,2.0,2.0,0.0,1.0,nonlinear,1.1,sigmoid,0.0
66,219.0,30.0,5.0548248493,0.0,0.0,0.2,2.0,2.0,0.0,1.0,nonlinear,1.1,sigmoid,0.0
67,220.0,30.0,5.5493804207,0.0,0.0,0.2,2.0,2.0,0.0,1.0,nonlinear,1.1,sigmoid,0.0
68,221.0,30.0,3.1607142857,0.0,0.0,0.5,2.0,2.0,0.0,1.0,nonlinear,1.1,sigmoid,3.0
69,222.0,30.0,1.7426470588,0.0,0.0,0.5,2.0,2.0,0.0,1.0,nonlinear,1.1,sigmoid,3.0
70,223.0,30.0,7.5,0.0,0.0,0.2,2.0,2.0,0.0,1.0,nonlinear,1.1,sigmoid,0.0
71,224.0,30.0,0.0,0.0,0.0,0.2,2.0,2.0,0.0,1.0,nonlinear,1.1,sigmoid,0.0
72,225.0,30.0,0.0,0.0,0.0,0.2,2.0,2.0,0.0,1.0,nonlinear,1.1,sigmoid,0.0
73,227.0,30.0,0.0,0.0,0.0,0.2,2.0,2.0,0.0,1.0,nonlinear,1.1,sigmoid,0.0
74,228.0,30.0,6.375,0.0,0.0,0.2,2.0,2.0,0.0,1.0,nonlinear,1.1,sigmoid,0.0
75,229.0,30.0,4.6086382581,0.0,0.0,0.2,2.0,2.0,0.0,1.0,nonlinear,1.1,sigmoid,0.0
76,230.0,30.0,5.5714285714,0.0,0.0,0.2,2.0,2.0,0.0,1.0,nonlinear,1.1,sigmoid,0.0
77,231.0,30.0,0.0,0.0,0.0,0.2,2.0,2.0,0.0,1.0,nonlinear,1.1,sigmoid,0.0
78,232.0,30.0,2.8095238095,0.0,0.0,0.5,2.0,2.0,0.0,1.0,nonlinear,1.1,sigmoid,3.0
79,233.0,30.0,5.5321100917,0.0,0.0,0.2,2.0,2.0,0.0,1.0,nonlinear,1.1,sigmoid,0.0
80,234.0,30.0,0.0,0.0,0.0,0.2,2.0,2.0,0.0,1.0,nonlinear,1.1,sigmoid,0.0
81,235.0,30.0,0.0,0.0,0.0,0.2,2.0,2.0,0.0,1.0,nonlinear,1.1,sigmoid,0.0
82,236.0,30.0,0.0,0.0,0.0,0.2,2.0,2.0,0.0,1.0,nonlinear,1.1,sigmoid,0.0
83,237.0,30.0,2.1751593108,0.0,0.0,0.5,2.0,2.0,0.0,1.0,nonlinear,1.1,sigmoid,3.0
84,238.0,30.0,0.0,0.0,0.0,0.2,2.0,2.0,0.0,1.0,nonlinear,1.1,sigmoid,0.0
85,239.0,30.0,5.1890396522,0.0,0.0,0.2,2.0,2.0,0.0,1.0,nonlinear,1.1,sigmoid,0.0
86,240.0,30.0,3.1607142857,0.0,0.0,0.5,2.0,2.0,0.0,1.0,nonlinear,1.1,sigmoid,3.0
87,241.0,30.0,2.3830645161,0.0,0.0,0.5,2.0,2.0,0.0,1.0,nonlinear,1.1,sigmoid,3.0
88,246.0,30.0,0.0,0.0,0.0,0.2,2.0,2.0,0.0,1.0,nonlinear,1.1,sigmoid,0.0
89,247.0,30.0,0.0,0.0,0.0,0.2,2.0,2.0,0.0,1.0,nonlinear,1.1,sigmoid,0.0
90,248.0,30.0,0.0,0.0,0.0,0.2,2.0,2.0,0.0,1.0,nonlinear,1.1,sigmoid,0.0
91,249.0,30.0,0.0,0.0,0.0,0.2,2.0,2.0,0.0,1.0,nonlinear,1.1,sigmoid,0.0
92,250.0,30.0,0.0,0.0,0.0,0.2,2.0,2.0,0.0,1.0,nonlinear,1.1,sigmoid,0.0
93,251.0,30.0,0.0,0.0,0.0,0.2,2.0,2.0,0.0,1.0,nonlinear,1.1,sigmoid,0.0
94,252.0,30.0,0.0,0.0,0.0,0.2,2.0,2.0,0.0,1.0,nonlinear,1.1,sigmoid,0.0
95,253.0,30.0,3.1607142857,0.0,0.0,0.5,2.0,2.0,0.0,1.0,nonlinear,1.1,sigmoid,3.0
96,254.0,30.0,0.0,0.0,0.0,0.2,2.0,2.0,0.0,1.0,nonlinear,1.1,sigmoid,0.0
97,255.0,30.0,6.8918918919,0.0,0.0,0.2,2.0,2.0,0.0,1.0,nonlinear,1.1,sigmoid,0.0
98,256.0,30.0,0.0,0.0,0.0,0.2,2.0,2.0,0.0,1.0,nonlinear,1.1,sigmoid,0.0
99,258.0,30.0,0.0,0.0,0.0,0.2,2.0,2.0,0.0,1.0,nonlinear,1.1,sigmoid,0.0
100,259.0,30.0,7.5,0.0,0.0,0.2,2.0,2.0,0.0,1.0,nonlinear,1.1,sigmoid,0.0
101,261.0,30.0,0.0,0.0,0.0,0.2,2.0,2.0,0.0,1.0,nonlinear,1.1,sigmoid,0.0
102,263.0,30.0,7.5,0.0,0.0,0.2,2.0,2.0,0.0,1.0,nonlinear,1.1,sigmoid,0.0
103,264.0,30.0,0.0,0.0,0.0,0.2,2.0,2.0,0.0,1.0,nonlinear,1.1,sigmoid,0.0
104,265.0,30.0,0.0,0.0,0.0,0.2,2.0,2.0,0.0,1.0,nonlinear,1.1,sigmoid,0.0
105,268.0,30.0,0.0,0.0,0.0,0.2,2.0,2.0,0.0,1.0,nonlinear,1.1,sigmoid,0.0
106,269.0,30.0,0.0,0.0,0.0,0.2,2.0,2.0,0.0,1.0,nonlinear,1.1,sigmoid,0.0
107,270.0,30.0,0.0,0.0,0.0,0.2,2.0,2.0,0.0,1.0,nonlinear,1.1,sigmoid,0.0
108,271.0,30.0,6.375,0.0,0.0,0.2,2.0,2.0,0.0,1.0,nonlinear,1.1,sigmoid,0.0
109,272.0,30.0,0.0,0.0,0.0,0.2,2.0,2.0,0.0,1.0,nonlinear,1.1,sigmoid,0.0
110,273.0,30.0,6.4312924849,0.0,0.0,0.2,2.0,2.0,0.0,1.0,nonlinear,1.1,sigmoid,0.0
111,275.0,30.0,0.0,0.0,0.0,0.2,2.0,2.0,0.0,1.0,nonlinear,1.1,sigmoid,0.0
112,276.0,30.0,0.0,0.0,0.0,0.2,2.0,2.0,0.0,1.0,nonlinear,1.1,sigmoid,0.0
113,277.0,30.0,0.0,0.0,0.0,0.2,2.0,2.0,0.0,1.0,nonlinear,1.1,sigmoid,0.0
114,279.0,30.0,7.5,0.0,0.0,0.2,2.0,2.0,0.0,1.0,nonlinear,1.1,sigmoid,0.0
115,280.0,30.0,0.0,0.0,0.0,0.2,2.0,2.0,0.0,1.0,nonlinear,1.1,sigmoid,0.0
116,281.0,30.0,0.0,0.0,0.0,0.2,2.0,2.0,0.0,1.0,nonlinear,1.1,sigmoid,0.0
117,282.0,30.0,5.2989710754,0.0,0.0,0.2,2.0,2.0,0.0,1.0,nonlinear,1.1,sigmoid,0.0
118,283.0,30.0,6.8918918919,0.0,0.0,0.2,2.0,2.0,0.0,1.0,nonlinear,1.1,sigmoid,0.0
119,284.0,30.0,5.5014430014,0.0,0.0,0.2,2.0,2.0,0.0,1.0,nonlinear,1.1,sigmoid,0.0
120,285.0,30.0,0.0,0.0,0.0,0.2,2.0,2.0,0.0,1.0,nonlinear,1.1,sigmoid,0.0
121,286.0,30.0,0.0,0.0,0.0,0.2,2.0,2.0,0.0,1.0,nonlinear,1.1,sigmoid,0.0
122,287.0,30.0,0.0,0.0,0.0,0.2,2.0,2.0,0.0,1.0,nonlinear,1.1,sigmoid,0.0
123,289.0,30.0,5.0776606014,0.0,0.0,0.2,2.0,2.0,0.0,1.0,nonlinear,1.1,sigmoid,0.0
124,290.0,30.0,0.0,0.0,0.0,0.2,2.0,2.0,0.0,1.0,nonlinear,1.1,sigmoid,0.0
125,291.0,30.0,0.0,0.0,0.0,0.2,2.0,2.0,0.0,1.0,nonlinear,1.1,sigmoid,0.0
126,292.0,30.0,0.0,0.0,0.0,0.2,2.0,2.0,0.0,1.0,nonlinear,1.1,sigmoid,0.0
127,293.0,30.0,0.0,0.0,0.0,0.2,2.0,2.0,0.0,1.0,nonlinear,1.1,sigmoid,0.0
128,296.0,30.0,4.0869773095,0.0,0.0,0.2,2.0,2.0,0.0,1.0,nonlinear,1.1,sigmoid,0.0
129,297.0,30.0,6.1174539925,0.0,0.0,0.2,2.0,2.0,0.0,1.0,nonlinear,1.1,sigmoid,0.0
130,298.0,30.0,5.3806354639,0.0,0.0,0.2,2.0,2.0,0.0,1.0,nonlinear,1.1,sigmoid,0.0
131,299.0,30.0,0.0,0.0,0.0,0.2,2.0,2.0,0.0,1.0,nonlinear,1.1,sigmoid,0.0
132,300.0,30.0,5.3815080902,0.0,0.0,0.2,2.0,2.0,0.0,1.0,nonlinear,1.1,sigmoid,0.0
133,301.0,30.0,5.520959596,0.0,0.0,0.2,2.0,2.0,0.0,1.0,nonlinear,1.1,sigmoid,0.0
134,302.0,30.0,4.9307672505,0.0,0.0,0.2,2.0,2.0,0.0,1.0,nonlinear,1.1,sigmoid,0.0
135,304.0,30.0,1.7230096768,0.0,0.0,0.5,5.0,2.0,0.0,1.0,nonlinear,1.1,sigmoid,15.0
136,307.0,30.0,0.0,0.0,0.0,0.2,2.0,2.0,0.0,1.0,nonlinear,1.1,sigmoid,0.0
137,308.0,30.0,0.0,0.0,0.0,0.2,2.0,2.0,0.0,1.0,nonlinear,1.1,sigmoid,0.0
138,309.0,30.0,0.0,0.0,0.0,0.2,2.0,2.0,0.0,1.0,nonlinear,1.1,sigmoid,0.0
139,310.0,30.0,0.0,0.0,0.0,0.2,2.0,2.0,0.0,1.0,nonlinear,1.1,sigmoid,0.0
140,311.0,30.0,0.0,0.0,0.0,0.2,2.0,2.0,0.0,1.0,nonlinear,1.1,sigmoid,0.0
141,313.0,30.0,0.0,0.0,0.0,0.2,2.0,2.0,0.0,1.0,nonlinear,1.1,sigmoid,0.0
142,314.0,30.0,0.0,0.0,0.0,0.2,2.0,2.0,0.0,1.0,nonlinear,1.1,sigmoid,0.0
143,315.0,30.0,0.0,0.0,0.0,0.2,2.0,2.0,0.0,1.0,nonlinear,1.1,sigmoid,0.0
144,317.0,30.0,0.0,0.0,0.0,0.2,2.0,2.0,0.0,1.0,nonlinear,1.1,sigmoid,0.0
145,319.0,30.0,0.0,0.0,0.0,0.2,2.0,2.0,0.0,1.0,nonlinear,1.1,sigmoid,0.0
146,320.0,30.0,0.0,0.0,0.0,0.2,2.0,2.0,0.0,1.0,nonlinear,1.1,sigmoid,0.0
147,326.0,30.0,4.5615105379,0.0,0.0,0.2,2.0,2.0,0.0,1.0,nonlinear,1.1,sigmoid,0.0
148,327.0,30.0,3.1607142857,0.0,0.0,0.5,2.0,2.0,0.0,1.0,nonlinear,1.1,sigmoid,3.0
149,328.0,30.0,6.633445946,0.0,0.0,0.2,2.0,2.0,0.0,1.0,nonlinear,1.1,sigmoid,0.0
150,329.0,30.0,5.6729117877,0.0,0.0,0.2,2.0,2.0,0.0,1.0,nonlinear,1.1,sigmoid,0.0
151,331.0,30.0,0.0,0.0,0.0,0.2,2.0,2.0,0.0,1.0,nonlinear,1.1,sigmoid,0.0
152,332.0,30.0,1.3333982291,0.0,0.0,0.8,2.0,2.0,0.0,1.0,nonlinear,1.1,sigmoid,6.0
153,333.0,30.0,5.4037572957,0.0,0.0,0.2,2.0,2.0,0.0,1.0,nonlinear,1.1,sigmoid,0.0
154,334.0,30.0,0.0,0.0,0.0,0.2,2.0,2.0,0.0,1.0,nonlinear,1.1,sigmoid,0.0
155,336.0,30.0,0.0,0.0,0.0,0.2,2.0,2.0,0.0,1.0,nonlinear,1.1,sigmoid,0.0
156,337.0,30.0,4.3691522154,0.0,0.0,0.2,2.0,2.0,0.0,1.0,nonlinear,1.1,sigmoid,0.0
157,338.0,30.0,0.0,0.0,0.0,0.2,2.0,2.0,0.0,1.0,nonlinear,1.1,sigmoid,0.0
158,339.0,30.0,0.0,0.0,0.0,0.2,2.0,2.0,0.0,1.0,nonlinear,1.1,sigmoid,0.0
159,340.0,30.0,5.2760448213,0.0,0.0,0.2,2.0,2.0,0.0,1.0,nonlinear,1.1,sigmoid,0.0
160,341.0,30.0,4.25,0.1666666667,0.0277777778,0.2,2.0,2.0,0.0,1.0,nonlinear,1.1,sigmoid,0.0
161,342.0,30.0,0.0,0.0,0.0,0.2,2.0,2.0,0.0,1.0,nonlinear,1.1,sigmoid,0.0
162,343.0,30.0,0.0,0.0,0.0,0.2,2.0,2.0,0.0,1.0,nonlinear,1.1,sigmoid,0.0
163,345.0,30.0,4.125,0.0,0.0,0.2,2.0,2.0,0.0,1.0,nonlinear,1.1,sigmoid,0.0
164,347.0,30.0,6.8918918919,0.0,0.0,0.2,2.0,2.0,0.0,1.0,nonlinear,1.1,sigmoid,0.0
165,350.0,30.0,0.0,0.0,0.0,0.2,2.0,2.0,0.0,1.0,nonlinear,1.1,sigmoid,0.0
166,351.0,30.0,7.5,0.0,0.0,0.2,2.0,2.0,0.0,1.0,nonlinear,1.1,sigmoid,0.0
167,353.0,30.0,4.7932330827,0.0,0.0,0.2,2.0,2.0,0.0,1.0,nonlinear,1.1,sigmoid,0.0
168,356.0,30.0,4.5,0.0,0.0,0.2,2.0,2.0,0.0,1.0,nonlinear,1.1,sigmoid,0.0
169,357.0,30.0,6.8918918919,0.0,0.0,0.2,2.0,2.0,0.0,1.0,nonlinear,1.1,sigmoid,0.0
170,358.0,30.0,0.0,0.0,0.0,0.2,2.0,2.0,0.0,1.0,nonlinear,1.1,sigmoid,0.0
171,359.0,30.0,1.9710144928,0.0,0.0,0.5,2.0,2.0,0.0,1.0,nonlinear,1.1,sigmoid,3.0
172,361.0,30.0,0.0,0.0,0.0,0.2,2.0,2.0,0.0,1.0,nonlinear,1.1,sigmoid,0.0
173,363.0,30.0,0.0,0.0,0.0,0.2,2.0,2.0,0.0,1.0,nonlinear,1.1,sigmoid,0.0
174,364.0,30.0,4.2323809524,0.0,0.0,0.2,2.0,2.0,0.0,1.0,nonlinear,1.1,sigmoid,0.0
175,365.0,30.0,0.0,0.0,0.0,0.2,2.0,2.0,0.0,1.0,nonlinear,1.1,sigmoid,0.0
176,366.0,30.0,0.0,0.0,0.0,0.2,2.0,2.0,0.0,1.0,nonlinear,1.1,sigmoid,0.0
177,368.0,30.0,0.0,0.0,0.0,0.2,2.0,2.0,0.0,1.0,nonlinear,1.1,sigmoid,0.0
178,369.0,30.0,0.0,0.0,0.0,0.2,2.0,2.0,0.0,1.0,nonlinear,1.1,sigmoid,0.0
179,370.0,30.0,0.0,0.0,0.0,0.2,2.0,2.0,0.0,1.0,nonlinear,1.1,sigmoid,0.0
180,375.0,30.0,0.0,0.0,0.0,0.2,2.0,2.0,0.0,1.0,nonlinear,1.1,sigmoid,0.0
181,393.0,30.0,0.0,0.0,0.0,0.2,2.0,2.0,0.0,1.0,nonlinear,1.1,sigmoid,0.0
182,394.0,30.0,0.0,0.0,0.0,0.2,2.0,2.0,0.0,1.0,nonlinear,1.1,sigmoid,0.0
183,396.0,30.0,0.0,0.0,0.0,0.2,2.0,2.0,0.0,1.0,nonlinear,1.1,sigmoid,0.0
184,399.0,30.0,0.0,0.0,0.0,0.2,2.0,2.0,0.0,1.0,nonlinear,1.1,sigmoid,0.0
185,401.0,30.0,5.977443609,0.0,0.0,0.2,2.0,2.0,0.0,1.0,nonlinear,1.1,sigmoid,0.0
186,402.0,30.0,5.3743777836,0.0,0.0,0.2,2.0,2.0,0.0,1.0,nonlinear,1.1,sigmoid,0.0
187,404.0,30.0,4.1545883063,0.0,0.0,0.2,2.0,2.0,0.0,1.0,nonlinear,1.1,sigmoid,0.0
188,405.0,30.0,4.2261235955,0.0,0.0,0.5,2.0,2.0,0.0,1.0,nonlinear,1.1,sigmoid,3.0
189,406.0,30.0,0.0,0.0,0.0,0.2,2.0,2.0,0.0,1.0,nonlinear,1.1,sigmoid,0.0
190,407.0,30.0,0.0,0.0,0.0,0.2,2.0,2.0,0.0,1.0,nonlinear,1.1,sigmoid,0.0
191,408.0,30.0,0.0,0.0,0.0,0.2,2.0,2.0,0.0,1.0,nonlinear,1.1,sigmoid,0.0
192,409.0,30.0,3.3987872303,0.0,0.0,0.5,2.0,2.0,0.0,1.0,nonlinear,1.1,sigmoid,3.0
193,411.0,30.0,3.4485981308,0.0,0.0,0.5,2.0,2.0,0.0,1.0,nonlinear,1.1,sigmoid,3.0
194,412.0,30.0,0.0,0.0,0.0,0.2,2.0,2.0,0.0,1.0,nonlinear,1.1,sigmoid,0.0
195,416.0,30.0,0.0,0.0,0.0,0.2,2.0,2.0,0.0,1.0,nonlinear,1.1,sigmoid,0.0
196,417.0,30.0,6.2962962963,0.0,0.0,0.2,2.0,2.0,0.0,1.0,nonlinear,1.1,sigmoid,0.0
197,418.0,30.0,6.8918918919,0.0,0.0,0.2,2.0,2.0,0.0,1.0,nonlinear,1.1,sigmoid,0.0
198,420.0,30.0,7.5,0.0,0.0,0.2,2.0,2.0,0.0,1.0,nonlinear,1.1,sigmoid,0.0
199,421.0,30.0,6.375,0.0,0.0,0.2,2.0,2.0,0.0,1.0,nonlinear,1.1,sigmoid,0.0
200,422.0,30.0,0.0,0.0,0.0,0.2,2.0,2.0,0.0,1.0,nonlinear,1.1,sigmoid,0.0
201,423.0,30.0,0.0,0.0,0.0,0.2,2.0,2.0,0.0,1.0,nonlinear,1.1,sigmoid,0.0
202,425.0,30.0,0.0,0.0,0.0,0.2,2.0,2.0,0.0,1.0,nonlinear,1.1,sigmoid,0.0
203,426.0,30.0,4.5,0.0,0.0,0.2,2.0,2.0,0.0,1.0,nonlinear,1.1,sigmoid,0.0
204,427.0,30.0,7.5,0.0,0.0,0.2,2.0,2.0,0.0,1.0,nonlinear,1.1,sigmoid,0.0
205,428.0,30.0,3.0494505495,0.0,0.0,0.5,2.0,2.0,0.0,1.0,nonlinear,1.1,sigmoid,3.0
206,429.0,30.0,4.9934826401,0.0,0.0,0.2,2.0,4.0,0.0,1.0,nonlinear,1.1,sigmoid,1.0
207,430.0,30.0,1.1404244829,0.0,0.0,0.8,2.0,2.0,0.0,1.0,nonlinear,1.1,sigmoid,6.0
208,431.0,30.0,0.0,0.0,0.0,0.2,2.0,2.0,0.0,1.0,nonlinear,1.1,sigmoid,0.0
209,432.0,30.0,0.0,0.0,0.0,0.2,2.0,2.0,0.0,1.0,nonlinear,1.1,sigmoid,0.0
210,433.0,30.0,5.5714285714,0.0,0.0,0.2,2.0,2.0,0.0,1.0,nonlinear,1.1,sigmoid,0.0
211,435.0,30.0,6.4396114865,0.0,0.0,0.2,2.0,2.0,0.0,1.0,nonlinear,1.1,sigmoid,0.0
212,436.0,30.0,0.0,0.0,0.0,0.2,2.0,2.0,0.0,1.0,nonlinear,1.1,sigmoid,0.0
213,437.0,30.0,0.0,0.0,0.0,0.2,2.0,2.0,0.0,1.0,nonlinear,1.1,sigmoid,0.0
214,438.0,30.0,5.5714285714,0.0,0.0,0.2,2.0,2.0,0.0,1.0,nonlinear,1.1,sigmoid,0.0
215,439.0,30.0,3.2534943252,0.0,0.0,0.5,2.0,2.0,0.0,1.0,nonlinear,1.1,sigmoid,3.0
216,440.0,30.0,0.0,0.0,0.0,0.2,2.0,2.0,0.0,1.0,nonlinear,1.1,sigmoid,0.0
217,441.0,30.0,4.0433231449,0.0,0.0,0.2,2.0,2.0,0.0,1.0,nonlinear,1.1,sigmoid,0.0
218,442.0,30.0,7.5,0.0,0.0,0.2,2.0,2.0,0.0,1.0,nonlinear,1.1,sigmoid,0.0
219,443.0,30.0,4.9726379108,0.0,0.0,0.2,2.0,2.0,0.0,1.0,nonlinear,1.1,sigmoid,0.0
220,444.0,30.0,7.5,0.0,0.0,0.2,2.0,2.0,0.0,1.0,nonlinear,1.1,sigmoid,0.0
221,445.0,30.0,6.393442623,0.0,0.0,0.2,2.0,2.0,0.0,1.0,nonlinear,1.1,sigmoid,0.0
222,446.0,30.0,6.633445946,0.0,0.0,0.2,2.0,2.0,0.0,1.0,nonlinear,1.1,sigmoid,0.0
223,447.0,30.0,7.5,0.0,0.0,0.2,2.0,2.0,0.0,1.0,nonlinear,1.1,sigmoid,0.0
224,448.0,30.0,0.0,0.0,0.0,0.2,2.0,2.0,0.0,1.0,nonlinear,1.1,sigmoid,0.0
225,449.0,30.0,7.5,0.0,0.0,0.2,2.0,2.0,0.0,1.0,nonlinear,1.1,sigmoid,0.0
226,450.0,30.0,4.96875,0.0,0.0,0.2,2.0,2.0,0.0,1.0,nonlinear,1.1,sigmoid,0.0
227,451.0,30.0,0.0,0.0,0.0,0.2,2.0,2.0,0.0,1.0,nonlinear,1.1,sigmoid,0.0
228,452.0,30.0,2.685483871,0.0,0.0,0.5,5.0,2.0,0.0,1.0,nonlinear,1.1,sigmoid,15.0
229,454.0,30.0,0.0,0.0,0.0,0.2,2.0,2.0,0.0,1.0,nonlinear,1.1,sigmoid,0.0
230,455.0,30.0,0.0,0.0,0.0,0.2,2.0,2.0,0.0,1.0,nonlinear,1.1,sigmoid,0.0
231,456.0,30.0,0.0,0.0,0.0,0.2,2.0,2.0,0.0,1.0,nonlinear,1.1,sigmoid,0.0
232,457.0,30.0,5.5636844261,0.0,0.0,0.2,2.0,2.0,0.0,1.0,nonlinear,1.1,sigmoid,0.0
233,458.0,30.0,0.0,0.0,0.0,0.2,2.0,2.0,0.0,1.0,nonlinear,1.1,sigmoid,0.0
234,459.0,30.0,0.0,0.0,0.0,0.2,2.0,2.0,0.0,1.0,nonlinear,1.1,sigmoid,0.0
235,460.0,30.0,0.0,0.0,0.0,0.2,2.0,2.0,0.0,1.0,nonlinear,1.1,sigmoid,0.0
236,461.0,30.0,6.8918918919,0.0,0.0,0.2,2.0,2.0,0.0,1.0,nonlinear,1.1,sigmoid,0.0
237,462.0,30.0,5.2535657686,0.0,0.0,0.2,2.0,2.0,0.0,1.0,nonlinear,1.1,sigmoid,0.0
238,463.0,30.0,0.0,0.0,0.0,0.2,2.0,2.0,0.0,1.0,nonlinear,1.1,sigmoid,0.0
239,464.0,30.0,4.5,0.0,0.0,0.2,2.0,2.0,0.0,1.0,nonlinear,1.1,sigmoid,0.0
240,465.0,30.0,5.8126293996,0.0,0.0,0.2,2.0,2.0,0.0,1.0,nonlinear,1.1,sigmoid,0.0
241,466.0,30.0,1.5960533321,0.0,0.0,0.5,2.0,2.0,0.0,1.0,nonlinear,1.1,sigmoid,3.0
242,468.0,30.0,0.0,0.0,0.0,0.2,2.0,2.0,0.0,1.0,nonlinear,1.1,sigmoid,0.0
243,469.0,30.0,0.0,0.0,0.0,0.2,2.0,2.0,0.0,1.0,nonlinear,1.1,sigmoid,0.0
244,473.0,30.0,0.0,0.0,0.0,0.2,2.0,2.0,0.0,1.0,nonlinear,1.1,sigmoid,0.0
245,474.0,30.0,3.1607142857,0.0,0.0,0.5,2.0,2.0,0.0,1.0,nonlinear,1.1,sigmoid,3.0
246,475.0,30.0,4.0591083653,0.0,0.0,0.2,2.0,2.0,0.0,1.0,nonlinear,1.1,sigmoid,0.0
247,476.0,30.0,6.6666666667,0.0,0.0,0.2,2.0,2.0,0.0,1.0,nonlinear,1.1,sigmoid,0.0
248,477.0,30.0,5.1037710049,0.0,0.0,0.2,2.0,2.0,0.0,1.0,nonlinear,1.1,sigmoid,0.0
249,478.0,30.0,0.0,0.0,0.0,0.2,2.0,2.0,0.0,1.0,nonlinear,1.1,sigmoid,0.0
250,479.0,30.0,7.5,0.0,0.0,0.2,2.0,2.0,0.0,1.0,nonlinear,1.1,sigmoid,0.0
251,480.0,30.0,0.0,0.0,0.0,0.2,2.0,2.0,0.0,1.0,nonlinear,1.1,sigmoid,0.0
252,482.0,30.0,0.0,0.0,0.0,0.2,2.0,2.0,0.0,1.0,nonlinear,1.1,sigmoid,0.0
253,483.0,30.0,7.5,0.0,0.0,0.2,2.0,2.0,0.0,1.0,nonlinear,1.1,sigmoid,0.0
254,484.0,30.0,0.0,0.0,0.0,0.2,2.0,2.0,0.0,1.0,nonlinear,1.1,sigmoid,0.0
255,485.0,30.0,0.0,0.0,0.0,0.2,2.0,2.0,0.0,1.0,nonlinear,1.1,sigmoid,0.0
256,487.0,30.0,0.0,0.0,0.0,0.2,2.0,2.0,0.0,1.0,nonlinear,1.1,sigmoid,0.0
257,488.0,30.0,0.0,0.0,0.0,0.2,2.0,2.0,0.0,1.0,nonlinear,1.1,sigmoid,0.0
258,489.0,30.0,7.5,0.0,0.0,0.2,2.0,2.0,0.0,1.0,nonlinear,1.1,sigmoid,0.0
259,491.0,30.0,7.5,0.0,0.0,0.2,2.0,2.0,0.0,1.0,nonlinear,1.1,sigmoid,0.0
260,493.0,30.0,0.0,0.0,0.0,0.2,2.0,2.0,0.0,1.0,nonlinear,1.1,sigmoid,0.0
261,494.0,30.0,7.5,0.0,0.0,0.2,2.0,2.0,0.0,1.0,nonlinear,1.1,sigmoid,0.0
262,495.0,30.0,0.0,0.0,0.0,0.2,2.0,2.0,0.0,1.0,nonlinear,1.1,sigmoid,0.0
263,496.0,30.0,0.0,0.0,0.0,0.2,2.0,2.0,0.0,1.0,nonlinear,1.1,sigmoid,0.0
264,497.0,30.0,0.0,0.0,0.0,0.2,2.0,2.0,0.0,1.0,nonlinear,1.1,sigmoid,0.0
265,498.0,30.0,7.5,0.0,0.0,0.2,2.0,2.0,0.0,1.0,nonlinear,1.1,sigmoid,0.0
266,500.0,30.0,0.0,0.0,0.0,0.2,2.0,2.0,0.0,1.0,nonlinear,1.1,sigmoid,0.0
267,501.0,30.0,0.0,0.0,0.0,0.2,2.0,2.0,0.0,1.0,nonlinear,1.1,sigmoid,0.0
268,502.0,30.0,0.0,0.0,0.0,0.2,2.0,2.0,0.0,1.0,nonlinear,1.1,sigmoid,0.0
269,503.0,30.0,0.0,0.0,0.0,0.2,2.0,2.0,0.0,1.0,nonlinear,1.1,sigmoid,0.0
270,506.0,30.0,7.5,0.0,0.0,0.2,2.0,2.0,0.0,1.0,nonlinear,1.1,sigmoid,0.0
271,507.0,30.0,0.0,0.0,0.0,0.2,2.0,2.0,0.0,1.0,nonlinear,1.1,sigmoid,0.0
272,508.0,30.0,0.0,0.0,0.0,0.2,2.0,2.0,0.0,1.0,nonlinear,1.1,sigmoid,0.0
273,509.0,30.0,0.0,0.0,0.0,0.2,2.0,2.0,0.0,1.0,nonlinear,1.1,sigmoid,0.0
274,511.0,30.0,4.25,0.0,0.0,0.2,2.0,2.0,0.0,1.0,nonlinear,1.1,sigmoid,0.0
275,512.0,30.0,0.0,0.0,0.0,0.2,2.0,2.0,0.0,1.0,nonlinear,1.1,sigmoid,0.0
276,513.0,30.0,7.5,0.0,0.0,0.2,2.0,2.0,0.0,1.0,nonlinear,1.1,sigmoid,0.0
277,515.0,30.0,3.64375,0.0,0.0,0.2,2.0,2.0,0.0,1.0,nonlinear,1.1,sigmoid,0.0
278,516.0,30.0,5.6440690719,0.0,0.0,0.2,2.0,2.0,0.0,1.0,nonlinear,1.1,sigmoid,0.0
279,517.0,30.0,7.5,0.0,0.0,0.2,2.0,2.0,0.0,1.0,nonlinear,1.1,sigmoid,0.0
280,520.0,30.0,0.0,0.0,0.0,0.2,2.0,2.0,0.0,1.0,nonlinear,1.1,sigmoid,0.0
281,521.0,30.0,5.7142857143,0.0,0.0,0.2,2.0,2.0,0.0,1.0,nonlinear,1.1,sigmoid,0.0
282,523.0,30.0,0.0,0.0,0.0,0.2,2.0,2.0,0.0,1.0,nonlinear,1.1,sigmoid,0.0
283,526.0,30.0,0.0,0.0,0.0,0.2,2.0,2.0,0.0,1.0,nonlinear,1.1,sigmoid,0.0
284,527.0,30.0,0.0,0.0,0.0,0.2,2.0,2.0,0.0,1.0,nonlinear,1.1,sigmoid,0.0
285,529.0,30.0,0.0,0.0,0.0,0.2,2.0,2.0,0.0,1.0,nonlinear,1.1,sigmoid,0.0
286,531.0,30.0,0.0,0.0,0.0,0.2,2.0,2.0,0.0,1.0,nonlinear,1.1,sigmoid,0.0
287,533.0,30.0,0.0,0.0,0.0,0.2,2.0,2.0,0.0,1.0,nonlinear,1.1,sigmoid,0.0
288,534.0,30.0,4.9785958525,0.0,0.0,0.2,2.0,2.0,0.0,1.0,nonlinear,1.1,sigmoid,0.0
289,537.0,30.0,4.4961418874,0.0,0.0,0.2,2.0,2.0,0.0,1.0,nonlinear,1.1,sigmoid,0.0
290,540.0,30.0,0.0,0.0,0.0,0.2,2.0,2.0,0.0,1.0,nonlinear,1.1,sigmoid,0.0
291,541.0,30.0,4.0990935988,0.0,0.0,0.2,2.0,2.0,0.0,1.0,nonlinear,1.1,sigmoid,0.0
292,552.0,30.0,2.4583333333,0.0,0.0,0.5,2.0,2.0,0.0,1.0,nonlinear,1.1,sigmoid,3.0
293,555.0,30.0,2.921875,0.0,0.0,0.2,2.0,2.0,0.0,1.0,nonlinear,1.1,sigmoid,0.0
294,558.0,30.0,0.0,0.0,0.0,0.2,2.0,2.0,0.0,1.0,nonlinear,1.1,sigmoid,0.0
295,561.0,30.0,0.0,0.0,0.0,0.2,2.0,2.0,0.0,1.0,nonlinear,1.1,sigmoid,0.0
296,564.0,30.0,0.0,0.0,0.0,0.2,2.0,2.0,0.0,1.0,nonlinear,1.1,sigmoid,0.0
297,570.0,30.0,4.9658030101,0.0,0.0,0.2,2.0,2.0,0.0,1.0,nonlinear,1.1,sigmoid,0.0
298,579.0,30.0,4.5,0.0,0.0,0.2,2.0,2.0,0.0,1.0,nonlinear,1.1,sigmoid,0.0
299,588.0,30.0,6.6666666667,0.0,0.0,0.2,2.0,2.0,0.0,1.0,nonlinear,1.1,sigmoid,0.0
300,594.0,30.0,5.0595238095,0.0,0.0,0.2,2.0,2.0,0.0,1.0,nonlinear,1.1,sigmoid,0.0
301,597.0,30.0,0.0,0.0,0.0,0.2,2.0,2.0,0.0,1.0,nonlinear,1.1,sigmoid,0.0
302,603.0,30.0,0.0,0.0,0.0,0.2,2.0,2.0,0.0,1.0,nonlinear,1.1,sigmoid,0.0
303,609.0,30.0,0.0,0.0,0.0,0.2,2.0,2.0,0.0,1.0,nonlinear,1.1,sigmoid,0.0
304,612.0,30.0,4.5233136463,0.0,0.0,0.2,2.0,2.0,0.0,1.0,nonlinear,1.1,sigmoid,0.0
305,618.0,30.0,6.375,0.0,0.0,0.2,2.0,2.0,0.0,1.0,nonlinear,1.1,sigmoid,0.0
306,621.0,30.0,0.0,0.0,0.0,0.2,2.0,2.0,0.0,1.0,nonlinear,1.1,sigmoid,0.0
307,636.0,30.0,0.0,0.0,0.0,0.2,2.0,2.0,0.0,1.0,nonlinear,1.1,sigmoid,0.0
308,639.0,30.0,0.0,0.0,0.0,0.2,2.0,2.0,0.0,1.0,nonlinear,1.1,sigmoid,0.0
309,642.0,30.0,0.0,0.0,0.0,0.2,2.0,2.0,0.0,1.0,nonlinear,1.1,sigmoid,0.0
310,645.0,30.0,0.0,0.0,0.0,0.2,2.0,2.0,0.0,1.0,nonlinear,1.1,sigmoid,0.0
311,648.0,30.0,4.0,0.0,0.0,0.2,2.0,2.0,0.0,1.0,nonlinear,1.1,sigmoid,0.0
312,651.0,30.0,5.25,0.0,0.0,0.2,2.0,2.0,0.0,1.0,nonlinear,1.1,sigmoid,0.0
313,654.0,30.0,0.0,0.0,0.0,0.2,2.0,2.0,0.0,1.0,nonlinear,1.1,sigmoid,0.0
314,657.0,30.0,0.0,0.0,0.0,0.2,2.0,2.0,0.0,1.0,nonlinear,1.1,sigmoid,0.0
315,660.0,30.0,0.0,0.0,0.0,0.2,2.0,2.0,0.0,1.0,nonlinear,1.1,sigmoid,0.0
316,663.0,30.0,6.8918918919,0.0,0.0,0.2,2.0,2.0,0.0,1.0,nonlinear,1.1,sigmoid,0.0
317,666.0,30.0,0.0,0.0,0.0,0.2,2.0,2.0,0.0,1.0,nonlinear,1.1,sigmoid,0.0
318,669.0,30.0,0.0,0.0,0.0,0.2,2.0,2.0,0.0,1.0,nonlinear,1.1,sigmoid,0.0
319,672.0,30.0,7.5,0.0,0.0,0.2,2.0,2.0,0.0,1.0,nonlinear,1.1,sigmoid,0.0
320,675.0,30.0,2.9985536526,0.0,0.0,0.5,2.0,2.0,0.0,1.0,nonlinear,1.1,sigmoid,3.0
321,678.0,30.0,0.0,0.0,0.0,0.2,2.0,2.0,0.0,1.0,nonlinear,1.1,sigmoid,0.0
322,681.0,30.0,2.9911143642,0.0,0.0,0.5,2.0,2.0,0.0,1.0,nonlinear,1.1,sigmoid,3.0
323,684.0,30.0,0.0,0.0,0.0,0.2,2.0,2.0,0.0,1.0,nonlinear,1.1,sigmoid,0.0
324,687.0,30.0,0.0,0.0,0.0,0.2,2.0,2.0,0.0,1.0,nonlinear,1.1,sigmoid,0.0
325,690.0,30.0,7.5,0.0,0.0,0.2,2.0,2.0,0.0,1.0,nonlinear,1.1,sigmoid,0.0
326,693.0,30.0,4.5,0.0,0.0,0.2,2.0,2.0,0.0,1.0,nonlinear,1.1,sigmoid,0.0
327,705.0,30.0,0.0,0.0,0.0,0.2,2.0,2.0,0.0,1.0,nonlinear,1.1,sigmoid,0.0
328,723.0,30.0,6.6666666667,0.0,0.0,0.2,2.0,2.0,0.0,1.0,nonlinear,1.1,sigmoid,0.0
329,732.0,30.0,0.0,0.0,0.0,0.2,2.0,2.0,0.0,1.0,nonlinear,1.1,sigmoid,0.0
330,735.0,30.0,0.0,0.0,0.0,0.2,2.0,2.0,0.0,1.0,nonlinear,1.1,sigmoid,0.0
331,738.0,30.0,4.96875,0.0,0.0,0.2,2.0,2.0,0.0,1.0,nonlinear,1.1,sigmoid,0.0
332,741.0,30.0,0.0,0.0,0.0,0.2,2.0,2.0,0.0,1.0,nonlinear,1.1,sigmoid,0.0
333,744.0,30.0,5.0431034483,0.0,0.0,0.2,2.0,2.0,0.0,1.0,nonlinear,1.1,sigmoid,0.0
334,747.0,30.0,0.0,0.0,0.0,0.2,2.0,2.0,0.0,1.0,nonlinear,1.1,sigmoid,0.0
335,806.0,30.0,0.0,0.0,0.0,0.2,2.0,2.0,0.0,1.0,nonlinear,1.1,sigmoid,0.0
336,824.0,30.0,2.8580069959,0.0,0.0,0.5,2.0,2.0,0.0,1.0,nonlinear,1.1,sigmoid,3.0
337,827.0,30.0,0.0,0.0,0.0,0.2,2.0,2.0,0.0,1.0,nonlinear,1.1,sigmoid,0.0
338,848.0,30.0,4.5856798069,0.0,0.0,0.2,2.0,2.0,0.0,1.0,nonlinear,1.1,sigmoid,0.0
339,851.0,30.0,0.0,0.0,0.0,0.2,2.0,2.0,0.0,1.0,nonlinear,1.1,sigmoid,0.0
340,857.0,30.0,0.0,0.0,0.0,0.2,2.0,2.0,0.0,1.0,nonlinear,1.1,sigmoid,0.0
341,860.0,30.0,0.0,0.0,0.0,0.2,2.0,2.0,0.0,1.0,nonlinear,1.1,sigmoid,0.0
342,863.0,30.0,0.0,0.0,0.0,0.2,2.0,2.0,0.0,1.0,nonlinear,1.1,sigmoid,0.0
343,875.0,30.0,0.0,0.0,0.0,0.2,2.0,2.0,0.0,1.0,nonlinear,1.1,sigmoid,0.0
344,878.0,30.0,4.720829607,0.0,0.0,0.2,2.0,2.0,0.0,1.0,nonlinear,1.1,sigmoid,0.0
345,881.0,30.0,0.0,0.0,0.0,0.2,2.0,2.0,0.0,1.0,nonlinear,1.1,sigmoid,0.0
346,884.0,30.0,0.0,0.0,0.0,0.2,2.0,2.0,0.0,1.0,nonlinear,1.1,sigmoid,0.0
347,887.0,30.0,0.0,0.0,0.0,0.2,2.0,2.0,0.0,1.0,nonlinear,1.1,sigmoid,0.0
348,893.0,30.0,0.0,0.0,0.0,0.2,2.0,2.0,0.0,1.0,nonlinear,1.1,sigmoid,0.0
349,896.0,30.0,4.96875,0.0,0.0,0.2,2.0,2.0,0.0,1.0,nonlinear,1.1,sigmoid,0.0
350,911.0,30.0,0.0,0.0,0.0,0.2,2.0,2.0,0.0,1.0,nonlinear,1.1,sigmoid,0.0
351,914.0,30.0,0.0,0.0,0.0,0.2,2.0,2.0,0.0,1.0,nonlinear,1.1,sigmoid,0.0
352,917.0,30.0,0.0,0.0,0.0,0.2,2.0,2.0,0.0,1.0,nonlinear,1.1,sigmoid,0.0
353,920.0,30.0,0.0,0.0,0.0,0.2,2.0,2.0,0.0,1.0,nonlinear,1.1,sigmoid,0.0
354,923.0,30.0,0.0,0.0,0.0,0.2,2.0,2.0,0.0,1.0,nonlinear,1.1,sigmoid,0.0
355,929.0,30.0,0.0,0.0,0.0,0.2,2.0,2.0,0.0,1.0,nonlinear,1.1,sigmoid,0.0
356,932.0,30.0,4.8655643853,0.0,0.0,0.2,2.0,2.0,0.0,1.0,nonlinear,1.1,sigmoid,0.0
357,935.0,30.0,0.0,0.0,0.0,0.2,2.0,2.0,0.0,1.0,nonlinear,1.1,sigmoid,0.0
358,938.0,30.0,5.0090304296,0.0,0.0,0.2,2.0,2.0,0.0,1.0,nonlinear,1.1,sigmoid,0.0
359,944.0,30.0,0.0,0.0,0.0,0.2,2.0,2.0,0.0,1.0,nonlinear,1.1,sigmoid,0.0
360,947.0,30.0,0.0,0.0,0.0,0.2,2.0,2.0,0.0,1.0,nonlinear,1.1,sigmoid,0.0
361,956.0,30.0,0.0,0.0,0.0,0.2,2.0,2.0,0.0,1.0,nonlinear,1.1,sigmoid,0.0
362,959.0,30.0,0.0,0.0,0.0,0.2,2.0,2.0,0.0,1.0,nonlinear,1.1,sigmoid,0.0
363,968.0,30.0,0.0,0.0,0.0,0.2,2.0,2.0,0.0,1.0,nonlinear,1.1,sigmoid,0.0
364,971.0,30.0,0.0,0.0,0.0,0.2,2.0,2.0,0.0,1.0,nonlinear,1.1,sigmoid,0.0
365,977.0,30.0,0.0,0.0,0.0,0.2,2.0,2.0,0.0,1.0,nonlinear,1.1,sigmoid,0.0
366,983.0,30.0,2.4568965517,0.0,0.0,0.5,2.0,2.0,0.0,1.0,nonlinear,1.1,sigmoid,3.0
367,992.0,30.0,0.0,0.0,0.0,0.2,2.0,2.0,0.0,1.0,nonlinear,1.1,sigmoid,0.0
368,995.0,30.0,4.125,0.0,0.0,0.2,2.0,2.0,0.0,1.0,nonlinear,1.1,sigmoid,0.0
369,998.0,30.0,0.0,0.0,0.0,0.2,2.0,2.0,0.0,1.0,nonlinear,1.1,sigmoid,0.0
370,1004.0,30.0,0.0,0.0,0.0,0.2,2.0,2.0,0.0,1.0,nonlinear,1.1,sigmoid,0.0
371,1007.0,30.0,0.0,0.0,0.0,0.2,2.0,2.0,0.0,1.0,nonlinear,1.1,sigmoid,0.0
372,1008.0,30.0,7.5,0.0,0.0,0.2,2.0,2.0,0.0,1.0,nonlinear,1.1,sigmoid,0.0
373,1017.0,30.0,5.319125322,0.0,0.0,0.2,2.0,2.0,0.0,1.0,nonlinear,1.1,sigmoid,0.0
374,1020.0,30.0,0.0,0.0,0.0,0.2,2.0,2.0,0.0,1.0,nonlinear,1.1,sigmoid,0.0
375,1023.0,30.0,0.0,0.0,0.0,0.2,2.0,2.0,0.0,1.0,nonlinear,1.1,sigmoid,0.0
376,1029.0,30.0,0.0,0.0,0.0,0.2,2.0,2.0,0.0,1.0,nonlinear,1.1,sigmoid,0.0
377,1032.0,30.0,5.9531016132,0.0,0.0,0.2,2.0,2.0,0.0,1.0,nonlinear,1.1,sigmoid,0.0
378,1041.0,30.0,2.4123297551,0.0,0.0,0.5,2.0,2.0,0.0,1.0,nonlinear,1.1,sigmoid,3.0
379,1042.0,30.0,3.5295138889,0.0,0.0,0.5,2.0,2.0,0.0,1.0,nonlinear,1.1,sigmoid,3.0
380,1045.0,30.0,0.0,0.0,0.0,0.2,2.0,2.0,0.0,1.0,nonlinear,1.1,sigmoid,0.0
381,1048.0,30.0,0.0,0.0,0.0,0.2,2.0,2.0,0.0,1.0,nonlinear,1.1,sigmoid,0.0
382,1055.0,30.0,0.0,0.0,0.0,0.2,2.0,2.0,0.0,1.0,nonlinear,1.1,sigmoid,0.0
383,1058.0,30.0,5.1562856048,0.0,0.0,0.2,2.0,2.0,0.0,1.0,nonlinear,1.1,sigmoid,0.0
384,1061.0,30.0,0.0,0.0,0.0,0.2,2.0,2.0,0.0,1.0,nonlinear,1.1,sigmoid,0.0
385,1064.0,30.0,4.7325029175,0.0,0.0,0.2,2.0,2.0,0.0,1.0,nonlinear,1.1,sigmoid,0.0
386,1067.0,30.0,0.0,0.0,0.0,0.2,2.0,2.0,0.0,1.0,nonlinear,1.1,sigmoid,0.0
387,1070.0,30.0,5.6367930761,0.0,0.0,0.2,2.0,2.0,0.0,1.0,nonlinear,1.1,sigmoid,0.0
388,1073.0,30.0,0.0,0.0,0.0,0.2,2.0,2.0,0.0,1.0,nonlinear,1.1,sigmoid,0.0
389,1076.0,30.0,6.8918918919,0.0,0.0,0.2,2.0,2.0,0.0,1.0,nonlinear,1.1,sigmoid,0.0
390,1079.0,30.0,3.1607142857,0.0,0.0,0.5,2.0,2.0,0.0,1.0,nonlinear,1.1,sigmoid,3.0
391,1081.0,30.0,4.2544017408,0.0,0.0,0.2,2.0,2.0,0.0,1.0,nonlinear,1.1,sigmoid,0.0
392,1083.0,30.0,2.8376791447,0.0,0.0,0.5,2.0,2.0,0.0,1.0,nonlinear,1.1,sigmoid,3.0
393,1089.0,30.0,6.0208333333,0.0,0.0,0.2,2.0,2.0,0.0,1.0,nonlinear,1.1,sigmoid,0.0
394,1093.0,30.0,6.6666666667,0.0,0.0,0.2,2.0,2.0,0.0,1.0,nonlinear,1.1,sigmoid,0.0
395,1096.0,30.0,0.0,0.0,0.0,0.2,2.0,2.0,0.0,1.0,nonlinear,1.1,sigmoid,0.0
396,1099.0,30.0,0.0,0.0,0.0,0.2,2.0,2.0,0.0,1.0,nonlinear,1.1,sigmoid,0.0
397,1105.0,30.0,0.0,0.0,0.0,0.2,2.0,2.0,0.0,1.0,nonlinear,1.1,sigmoid,0.0
398,1108.0,30.0,7.5,0.0,0.0,0.2,2.0,2.0,0.0,1.0,nonlinear,1.1,sigmoid,0.0
399,1111.0,30.0,0.0,0.0,0.0,0.2,2.0,2.0,0.0,1.0,nonlinear,1.1,sigmoid,0.0
400,1112.0,30.0,0.0,0.0,0.0,0.2,2.0,2.0,0.0,1.0,nonlinear,1.1,sigmoid,0.0
401,1114.0,30.0,5.5321100917,0.0,0.0,0.2,2.0,2.0,0.0,1.0,nonlinear,1.1,sigmoid,0.0
402,1116.0,30.0,0.0,0.0,0.0,0.2,2.0,2.0,0.0,1.0,nonlinear,1.1,sigmoid,0.0
403,1117.0,30.0,0.0,0.0,0.0,0.2,2.0,2.0,0.0,1.0,nonlinear,1.1,sigmoid,0.0
404,1119.0,30.0,5.977443609,0.0,0.0,0.2,2.0,2.0,0.0,1.0,nonlinear,1.1,sigmoid,0.0
405,1126.0,30.0,0.0,0.0,0.0,0.2,2.0,2.0,0.0,1.0,nonlinear,1.1,sigmoid,0.0
406,1129.0,30.0,7.5,0.0,0.0,0.2,2.0,2.0,0.0,1.0,nonlinear,1.1,sigmoid,0.0
407,1132.0,30.0,5.7432432432,0.0,0.0,0.2,2.0,2.0,0.0,1.0,nonlinear,1.1,sigmoid,0.0
408,1324.0,30.0,3.1607142857,0.0,0.0,0.5,2.0,2.0,0.0,1.0,nonlinear,1.1,sigmoid,3.0
409,1339.0,30.0,0.0,0.0,0.0,0.2,2.0,2.0,0.0,1.0,nonlinear,1.1,sigmoid,0.0
410,1378.0,30.0,0.0,0.0,0.0,0.2,2.0,2.0,0.0,1.0,nonlinear,1.1,sigmoid,0.0
411,1381.0,30.0,0.0,0.0,0.0,0.2,2.0,2.0,0.0,1.0,nonlinear,1.1,sigmoid,0.0
412,1387.0,30.0,6.9341806627,0.0,0.0,0.2,2.0,2.0,0.0,1.0,nonlinear,1.1,sigmoid,0.0
413,1390.0,30.0,6.8918918919,0.0,0.0,0.2,2.0,2.0,0.0,1.0,nonlinear,1.1,sigmoid,0.0
414,1393.0,30.0,0.0,0.0,0.0,0.2,2.0,2.0,0.0,1.0,nonlinear,1.1,sigmoid,0.0
415,1399.0,30.0,0.0,0.0,0.0,0.2,2.0,2.0,0.0,1.0,nonlinear,1.1,sigmoid,0.0
416,1402.0,30.0,0.0,0.0,0.0,0.2,2.0,2.0,0.0,1.0,nonlinear,1.1,sigmoid,0.0
417,1405.0,30.0,0.0,0.0,0.0,0.2,2.0,2.0,0.0,1.0,nonlinear,1.1,sigmoid,0.0
418,1408.0,30.0,0.0,0.0,0.0,0.2,2.0,2.0,0.0,1.0,nonlinear,1.1,sigmoid,0.0
419,1411.0,30.0,0.0,0.0,0.0,0.2,2.0,2.0,0.0,1.0,nonlinear,1.1,sigmoid,0.0
420,1414.0,30.0,0.0,0.0,0.0,0.2,2.0,2.0,0.0,1.0,nonlinear,1.1,sigmoid,0.0
421,1417.0,30.0,0.0,0.0,0.0,0.2,2.0,2.0,0.0,1.0,nonlinear,1.1,sigmoid,0.0
422,1420.0,30.0,0.0,0.0,0.0,0.2,2.0,2.0,0.0,1.0,nonlinear,1.1,sigmoid,0.0
423,1423.0,30.0,5.7432432432,0.0,0.0,0.2,2.0,2.0,0.0,1.0,nonlinear,1.1,sigmoid,0.0
424,1429.0,30.0,6.6666666667,0.0,0.0,0.2,2.0,2.0,0.0,1.0,nonlinear,1.1,sigmoid,0.0
425,1432.0,30.0,0.0,0.0,0.0,0.2,2.0,2.0,0.0,1.0,nonlinear,1.1,sigmoid,0.0
426,1444.0,30.0,6.8918918919,0.0,0.0,0.2,2.0,2.0,0.0,1.0,nonlinear,1.1,sigmoid,0.0
427,1447.0,30.0,0.0,0.0,0.0,0.2,2.0,2.0,0.0,1.0,nonlinear,1.1,sigmoid,0.0
428,1450.0,30.0,0.0,0.0,0.0,0.2,2.0,2.0,0.0,1.0,nonlinear,1.1,sigmoid,0.0
429,1453.0,30.0,0.0,0.0,0.0,0.2,2.0,2.0,0.0,1.0,nonlinear,1.1,sigmoid,0.0
430,1459.0,30.0,0.0,0.0,0.0,0.2,2.0,2.0,0.0,1.0,nonlinear,1.1,sigmoid,0.0
431,1465.0,30.0,0.0,0.0,0.0,0.2,2.0,2.0,0.0,1.0,nonlinear,1.1,sigmoid,0.0
432,1468.0,30.0,0.0,0.0,0.0,0.2,2.0,2.0,0.0,1.0,nonlinear,1.1,sigmoid,0.0
433,1474.0,30.0,0.0,0.0,0.0,0.2,2.0,2.0,0.0,1.0,nonlinear,1.1,sigmoid,0.0
434,1477.0,30.0,7.5,0.0,0.0,0.2,2.0,2.0,0.0,1.0,nonlinear,1.1,sigmoid,0.0
435,1486.0,30.0,0.0,0.0,0.0,0.2,2.0,2.0,0.0,1.0,nonlinear,1.1,sigmoid,0.0
436,1492.0,30.0,0.0,0.0,0.0,0.2,2.0,2.0,0.0,1.0,nonlinear,1.1,sigmoid,0.0
437,1495.0,30.0,1.1090425532,0.0,0.0,0.8,2.0,2.0,0.0,1.0,nonlinear,1.1,sigmoid,6.0
438,1498.0,30.0,0.0,0.0,0.0,0.2,2.0,2.0,0.0,1.0,nonlinear,1.1,sigmoid,0.0
439,1504.0,30.0,0.0,0.0,0.0,0.2,2.0,2.0,0.0,1.0,nonlinear,1.1,sigmoid,0.0
440,1513.0,30.0,0.0,0.0,0.0,0.2,2.0,2.0,0.0,1.0,nonlinear,1.1,sigmoid,0.0
441,1516.0,30.0,5.8333333333,0.0,0.0,0.2,2.0,2.0,0.0,1.0,nonlinear,1.1,sigmoid,0.0
442,1519.0,30.0,7.5,0.0,0.0,0.2,2.0,2.0,0.0,1.0,nonlinear,1.1,sigmoid,0.0
443,1525.0,30.0,0.0,0.0,0.0,0.2,2.0,2.0,0.0,1.0,nonlinear,1.1,sigmoid,0.0
444,1531.0,30.0,4.5,0.0,0.0,0.2,2.0,2.0,0.0,1.0,nonlinear,1.1,sigmoid,0.0
445,1534.0,30.0,2.262459883,0.0,0.0,0.5,2.0,2.0,0.0,1.0,nonlinear,1.1,sigmoid,3.0
446,1537.0,30.0,6.6666666667,0.0,0.0,0.2,2.0,2.0,0.0,1.0,nonlinear,1.1,sigmoid,0.0
447,1540.0,30.0,1.6103542666,0.0,0.0,0.8,5.0,2.0,0.0,1.0,nonlinear,1.1,sigmoid,18.0
448,1543.0,30.0,3.4234266891,0.0,0.0,0.5,2.0,2.0,0.0,1.0,nonlinear,1.1,sigmoid,3.0
449,1548.0,30.0,0.0,0.0,0.0,0.2,2.0,2.0,0.0,1.0,nonlinear,1.1,sigmoid,0.0
450,1551.0,30.0,0.0,0.0,0.0,0.2,2.0,2.0,0.0,1.0,nonlinear,1.1,sigmoid,0.0
451,1554.0,30.0,0.0,0.0,0.0,0.2,2.0,2.0,0.0,1.0,nonlinear,1.1,sigmoid,0.0
452,1557.0,30.0,4.525,0.0125,0.0020833333,0.2,2.0,2.0,0.0,1.0,nonlinear,1.1,sigmoid,0.0
453,1560.0,30.0,0.0,0.0,0.0,0.2,2.0,2.0,0.0,1.0,nonlinear,1.1,sigmoid,0.0
454,1563.0,30.0,0.0,0.0,0.0,0.2,2.0,2.0,0.0,1.0,nonlinear,1.1,sigmoid,0.0
455,1566.0,30.0,0.0,0.0,0.0,0.2,2.0,2.0,0.0,1.0,nonlinear,1.1,sigmoid,0.0
456,1569.0,30.0,0.0,0.0,0.0,0.2,2.0,2.0,0.0,1.0,nonlinear,1.1,sigmoid,0.0
457,1578.0,30.0,0.0,0.0,0.0,0.2,2.0,2.0,0.0,1.0,nonlinear,1.1,sigmoid,0.0
458,1581.0,30.0,0.0,0.0,0.0,0.2,2.0,2.0,0.0,1.0,nonlinear,1.1,sigmoid,0.0
459,1584.0,30.0,0.0,0.0,0.0,0.2,2.0,2.0,0.0,1.0,nonlinear,1.1,sigmoid,0.0
460,1587.0,30.0,0.0,0.0,0.0,0.2,2.0,2.0,0.0,1.0,nonlinear,1.1,sigmoid,0.0
461,1590.0,30.0,0.0,0.0,0.0,0.2,2.0,2.0,0.0,1.0,nonlinear,1.1,sigmoid,0.0
462,1593.0,30.0,0.0,0.0,0.0,0.2,2.0,2.0,0.0,1.0,nonlinear,1.1,sigmoid,0.0
463,1602.0,30.0,0.0,0.0,0.0,0.2,2.0,2.0,0.0,1.0,nonlinear,1.1,sigmoid,0.0
464,1608.0,30.0,7.5,0.0,0.0,0.2,2.0,2.0,0.0,1.0,nonlinear,1.1,sigmoid,0.0
465,1611.0,30.0,0.0,0.0,0.0,0.2,2.0,2.0,0.0,1.0,nonlinear,1.1,sigmoid,0.0
466,1617.0,30.0,0.0,0.0,0.0,0.2,2.0,2.0,0.0,1.0,nonlinear,1.1,sigmoid,0.0
467,1620.0,30.0,7.5,0.0,0.0,0.2,2.0,2.0,0.0,1.0,nonlinear,1.1,sigmoid,0.0
468,1623.0,30.0,0.0,0.0,0.0,0.2,2.0,2.0,0.0,1.0,nonlinear,1.1,sigmoid,0.0
469,1635.0,30.0,0.0,0.0,0.0,0.2,2.0,2.0,0.0,1.0,nonlinear,1.1,sigmoid,0.0
470,1638.0,30.0,7.5,0.0,0.0,0.2,2.0,2.0,0.0,1.0,nonlinear,1.1,sigmoid,0.0
471,1645.0,30.0,5.9649122807,0.0,0.0,0.2,2.0,2.0,0.0,1.0,nonlinear,1.1,sigmoid,0.0
472,1651.0,30.0,0.0,0.0,0.0,0.2,2.0,2.0,0.0,1.0,nonlinear,1.1,sigmoid,0.0
473,1654.0,30.0,0.0,0.0,0.0,0.2,2.0,2.0,0.0,1.0,nonlinear,1.1,sigmoid,0.0
474,1657.0,30.0,0.0,0.0,0.0,0.2,2.0,2.0,0.0,1.0,nonlinear,1.1,sigmoid,0.0
475,1660.0,30.0,0.0,0.0,0.0,0.2,2.0,2.0,0.0,1.0,nonlinear,1.1,sigmoid,0.0
476,1666.0,30.0,5.400523209,0.0,0.0,0.2,2.0,2.0,0.0,1.0,nonlinear,1.1,sigmoid,0.0
477,1669.0,30.0,0.0,0.0,0.0,0.2,2.0,2.0,0.0,1.0,nonlinear,1.1,sigmoid,0.0
478,1674.0,30.0,2.3531434205,0.0,0.0,0.5,2.0,2.0,0.0,1.0,nonlinear,1.1,sigmoid,3.0
479,1677.0,30.0,0.0,0.0,0.0,0.2,2.0,2.0,0.0,1.0,nonlinear,1.1,sigmoid,0.0
480,1680.0,30.0,6.8918918919,0.0,0.0,0.2,2.0,2.0,0.0,1.0,nonlinear,1.1,sigmoid,0.0
481,1689.0,30.0,0.0,0.0,0.0,0.2,2.0,2.0,0.0,1.0,nonlinear,1.1,sigmoid,0.0
482,1701.0,30.0,0.0,0.0,0.0,0.2,2.0,2.0,0.0,1.0,nonlinear,1.1,sigmoid,0.0
483,1704.0,30.0,4.9347912699,0.0,0.0,0.2,2.0,2.0,0.0,1.0,nonlinear,1.1,sigmoid,0.0
484,1707.0,30.0,4.7120440563,0.0,0.0,0.2,2.0,4.0,0.0,1.0,nonlinear,1.1,sigmoid,1.0
485,1710.0,30.0,2.0385382182,0.0,0.0,0.5,2.0,2.0,0.0,1.0,nonlinear,1.1,sigmoid,3.0
486,1713.0,30.0,0.0,0.0,0.0,0.2,2.0,2.0,0.0,1.0,nonlinear,1.1,sigmoid,0.0
487,1717.0,30.0,4.4326657459,0.0,0.0,0.2,2.0,2.0,0.0,1.0,nonlinear,1.1,sigmoid,0.0
488,1723.0,30.0,0.0,0.0,0.0,0.2,2.0,2.0,0.0,1.0,nonlinear,1.1,sigmoid,0.0
489,1762.0,30.0,0.0,0.0,0.0,0.2,2.0,2.0,0.0,1.0,nonlinear,1.1,sigmoid,0.0
490,1789.0,30.0,7.5,0.0,0.0,0.2,2.0,2.0,0.0,1.0,nonlinear,1.1,sigmoid,0.0
491,1813.0,30.0,5.4682274248,0.0,0.0,0.2,2.0,2.0,0.0,1.0,nonlinear,1.1,sigmoid,0.0
492,1834.0,30.0,0.0,0.0,0.0,0.2,2.0,2.0,0.0,1.0,nonlinear,1.1,sigmoid,0.0
493,1852.0,30.0,0.0,0.0,0.0,0.2,2.0,2.0,0.0,1.0,nonlinear,1.1,sigmoid,0.0
494,1876.0,30.0,0.0,0.0,0.0,0.2,2.0,2.0,0.0,1.0,nonlinear,1.1,sigmoid,0.0
495,1879.0,30.0,0.0,0.0,0.0,0.2,2.0,2.0,0.0,1.0,nonlinear,1.1,sigmoid,0.0
496,1891.0,30.0,4.125,0.0,0.0,0.2,2.0,2.0,0.0,1.0,nonlinear,1.1,sigmoid,0.0
497,1894.0,30.0,0.0,0.0,0.0,0.2,2.0,2.0,0.0,1.0,nonlinear,1.1,sigmoid,0.0
498,1897.0,30.0,0.0,0.0,0.0,0.2,2.0,2.0,0.0,1.0,nonlinear,1.1,sigmoid,0.0
499,1900.0,30.0,6.6309012876,0.0,0.0,0.2,2.0,2.0,0.0,1.0,nonlinear,1.1,sigmoid,0.0
500,1903.0,30.0,0.0,0.0,0.0,0.2,2.0,2.0,0.0,1.0,nonlinear,1.1,sigmoid,0.0
501,1912.0,30.0,0.0,0.0,0.0,0.2,2.0,2.0,0.0,1.0,nonlinear,1.1,sigmoid,0.0
502,1915.0,30.0,0.0,0.0,0.0,0.2,2.0,2.0,0.0,1.0,nonlinear,1.1,sigmoid,0.0
503,1918.0,30.0,0.0,0.0,0.0,0.2,2.0,2.0,0.0,1.0,nonlinear,1.1,sigmoid,0.0
504,1921.0,30.0,5.5958333333,0.0,0.0,0.2,2.0,2.0,0.0,1.0,nonlinear,1.1,sigmoid,0.0
505,1924.0,30.0,7.5,0.0,0.0,0.2,2.0,2.0,0.0,1.0,nonlinear,1.1,sigmoid,0.0
506,1927.0,30.0,0.0,0.0,0.0,0.2,2.0,2.0,0.0,1.0,nonlinear,1.1,sigmoid,0.0
507,1930.0,30.0,2.5010833025,0.0,0.0,0.5,2.0,2.0,0.0,1.0,nonlinear,1.1,sigmoid,3.0
508,1933.0,30.0,0.0,0.0,0.0,0.2,2.0,2.0,0.0,1.0,nonlinear,1.1,sigmoid,0.0
509,1936.0,30.0,6.7222222222,0.0,0.0,0.2,2.0,2.0,0.0,1.0,nonlinear,1.1,sigmoid,0.0
510,1939.0,30.0,5.5714285714,0.0,0.0,0.2,2.0,2.0,0.0,1.0,nonlinear,1.1,sigmoid,0.0
511,1948.0,30.0,0.0,0.0,0.0,0.2,2.0,2.0,0.0,1.0,nonlinear,1.1,sigmoid,0.0
512,1954.0,30.0,0.0,0.0,0.0,0.2,2.0,2.0,0.0,1.0,nonlinear,1.1,sigmoid,0.0
513,1966.0,30.0,4.5,0.0,0.0,0.2,2.0,2.0,0.0,1.0,nonlinear,1.1,sigmoid,0.0
514,2002.0,30.0,6.6847896791,0.0,0.0,0.2,2.0,2.0,0.0,1.0,nonlinear,1.1,sigmoid,0.0
515,2041.0,30.0,0.0,0.0,0.0,0.2,2.0,2.0,0.0,1.0,nonlinear,1.1,sigmoid,0.0
516,2044.0,30.0,0.0,0.0,0.0,0.2,2.0,2.0,0.0,1.0,nonlinear,1.1,sigmoid,0.0
517,2047.0,30.0,0.0,0.0,0.0,0.2,2.0,2.0,0.0,1.0,nonlinear,1.1,sigmoid,0.0
518,2050.0,30.0,0.0,0.0,0.0,0.2,2.0,2.0,0.0,1.0,nonlinear,1.1,sigmoid,0.0
519,2053.0,30.0,0.0,0.0,0.0,0.2,2.0,2.0,0.0,1.0,nonlinear,1.1,sigmoid,0.0
520,2056.0,30.0,0.0,0.0,0.0,0.2,2.0,2.0,0.0,1.0,nonlinear,1.1,sigmoid,0.0
521,2062.0,30.0,0.0,0.0,0.0,0.2,2.0,2.0,0.0,1.0,nonlinear,1.1,sigmoid,0.0
522,2065.0,30.0,0.0,0.0,0.0,0.2,2.0,2.0,0.0,1.0,nonlinear,1.1,sigmoid,0.0
523,2068.0,30.0,0.0,0.0,0.0,0.2,2.0,2.0,0.0,1.0,nonlinear,1.1,sigmoid,0.0
524,2077.0,30.0,0.0,0.0,0.0,0.2,2.0,2.0,0.0,1.0,nonlinear,1.1,sigmoid,0.0
525,2080.0,30.0,0.0,0.0,0.0,0.2,2.0,2.0,0.0,1.0,nonlinear,1.1,sigmoid,0.0
526,2083.0,30.0,0.0,0.0,0.0,0.2,2.0,2.0,0.0,1.0,nonlinear,1.1,sigmoid,0.0
527,2086.0,30.0,0.0,0.0,0.0,0.2,2.0,2.0,0.0,1.0,nonlinear,1.1,sigmoid,0.0
528,2092.0,30.0,0.0,0.0,0.0,0.2,2.0,2.0,0.0,1.0,nonlinear,1.1,sigmoid,0.0
529,2095.0,30.0,0.0,0.0,0.0,0.2,2.0,2.0,0.0,1.0,nonlinear,1.1,sigmoid,0.0
530,2098.0,30.0,7.5,0.0,0.0,0.2,2.0,2.0,0.0,1.0,nonlinear,1.1,sigmoid,0.0
531,2107.0,30.0,0.0,0.0,0.0,0.2,2.0,2.0,0.0,1.0,nonlinear,1.1,sigmoid,0.0
532,2110.0,30.0,7.5,0.0,0.0,0.2,2.0,2.0,0.0,1.0,nonlinear,1.1,sigmoid,0.0
533,2113.0,30.0,0.0,0.0,0.0,0.2,2.0,2.0,0.0,1.0,nonlinear,1.1,sigmoid,0.0
534,2119.0,30.0,0.0,0.0,0.0,0.2,2.0,2.0,0.0,1.0,nonlinear,1.1,sigmoid,0.0
535,2128.0,30.0,0.0,0.0,0.0,0.2,2.0,2.0,0.0,1.0,nonlinear,1.1,sigmoid,0.0
536,2131.0,30.0,7.5,0.0,0.0,0.2,2.0,2.0,0.0,1.0,nonlinear,1.1,sigmoid,0.0
537,2134.0,30.0,0.0,0.0,0.0,0.2,2.0,2.0,0.0,1.0,nonlinear,1.1,sigmoid,0.0
538,2137.0,30.0,0.0,0.0,0.0,0.2,2.0,2.0,0.0,1.0,nonlinear,1.1,sigmoid,0.0
539,2140.0,30.0,0.0,0.0,0.0,0.2,2.0,2.0,0.0,1.0,nonlinear,1.1,sigmoid,0.0
540,2143.0,30.0,0.0,0.0,0.0,0.2,2.0,2.0,0.0,1.0,nonlinear,1.1,sigmoid,0.0
541,2149.0,30.0,6.375,0.0,0.0,0.2,2.0,2.0,0.0,1.0,nonlinear,1.1,sigmoid,0.0
542,2152.0,30.0,0.0,0.0,0.0,0.2,2.0,2.0,0.0,1.0,nonlinear,1.1,sigmoid,0.0
543,2161.0,30.0,0.0,0.0,0.0,0.2,2.0,2.0,0.0,1.0,nonlinear,1.1,sigmoid,0.0
544,2176.0,30.0,0.0,0.0,0.0,0.2,2.0,2.0,0.0,1.0,nonlinear,1.1,sigmoid,0.0
545,2200.0,30.0,1.5948977363,0.0,0.0,0.5,2.0,2.0,0.0,1.0,nonlinear,1.1,sigmoid,3.0
546,2206.0,30.0,6.4570090665,0.0,0.0,0.2,2.0,2.0,0.0,1.0,nonlinear,1.1,sigmoid,0.0
547,2209.0,30.0,6.3190854871,0.0,0.0,0.2,2.0,2.0,0.0,1.0,nonlinear,1.1,sigmoid,0.0
548,2212.0,30.0,4.5,0.0,0.0,0.2,2.0,2.0,0.0,1.0,nonlinear,1.1,sigmoid,0.0
549,2215.0,30.0,4.717276721,0.0,0.0,0.2,2.0,2.0,0.0,1.0,nonlinear,1.1,sigmoid,0.0
550,2221.0,30.0,0.0,0.0,0.0,0.2,2.0,2.0,0.0,1.0,nonlinear,1.1,sigmoid,0.0
551,2224.0,30.0,6.8918918919,0.0,0.0,0.2,2.0,2.0,0.0,1.0,nonlinear,1.1,sigmoid,0.0
552,2227.0,30.0,0.0,0.0,0.0,0.2,2.0,2.0,0.0,1.0,nonlinear,1.1,sigmoid,0.0
553,2233.0,30.0,0.0,0.0,0.0,0.2,2.0,2.0,0.0,1.0,nonlinear,1.1,sigmoid,0.0
554,2242.0,30.0,0.0,0.0,0.0,0.2,2.0,2.0,0.0,1.0,nonlinear,1.1,sigmoid,0.0
555,2254.0,30.0,0.0,0.0,0.0,0.2,2.0,2.0,0.0,1.0,nonlinear,1.1,sigmoid,0.0
556,2272.0,30.0,4.5,0.0,0.0,0.2,2.0,2.0,0.0,1.0,nonlinear,1.1,sigmoid,0.0
557,2275.0,30.0,0.0,0.0,0.0,0.2,2.0,2.0,0.0,1.0,nonlinear,1.1,sigmoid,0.0
558,2278.0,30.0,0.0,0.0,0.0,0.2,2.0,2.0,0.0,1.0,nonlinear,1.1,sigmoid,0.0
559,2281.0,30.0,0.0,0.0,0.0,0.2,2.0,2.0,0.0,1.0,nonlinear,1.1,sigmoid,0.0
560,2284.0,30.0,0.0,0.0,0.0,0.2,2.0,2.0,0.0,1.0,nonlinear,1.1,sigmoid,0.0
561,2293.0,30.0,2.5124221813,0.0,0.0,0.5,2.0,2.0,0.0,1.0,nonlinear,1.1,sigmoid,3.0
562,2296.0,30.0,0.0,0.0,0.0,0.2,2.0,2.0,0.0,1.0,nonlinear,1.1,sigmoid,0.0
563,2299.0,30.0,5.5714285714,0.0,0.0,0.2,2.0,2.0,0.0,1.0,nonlinear,1.1,sigmoid,0.0
564,2302.0,30.0,5.5847107438,0.0,0.0,0.2,2.0,2.0,0.0,1.0,nonlinear,1.1,sigmoid,0.0
565,2305.0,30.0,4.5,0.0,0.0,0.2,2.0,2.0,0.0,1.0,nonlinear,1.1,sigmoid,0.0
566,2308.0,30.0,2.4176349639,0.0,0.0,0.5,2.0,2.0,0.0,1.0,nonlinear,1.1,sigmoid,3.0
567,2314.0,30.0,6.8918918919,0.0,0.0,0.2,2.0,2.0,0.0,1.0,nonlinear,1.1,sigmoid,0.0
568,2317.0,30.0,2.2349483272,0.0,0.0,0.5,2.0,2.0,0.0,1.0,nonlinear,1.1,sigmoid,3.0
569,2323.0,30.0,0.0,0.0,0.0,0.2,2.0,2.0,0.0,1.0,nonlinear,1.1,sigmoid,0.0
570,2326.0,30.0,2.1369513231,0.0,0.0,0.5,2.0,2.0,0.0,1.0,nonlinear,1.1,sigmoid,3.0
571,2329.0,30.0,0.0,0.0,0.0,0.2,2.0,2.0,0.0,1.0,nonlinear,1.1,sigmoid,0.0
572,2335.0,30.0,3.567642595,0.0,0.0,0.2,2.0,2.0,0.0,1.0,nonlinear,1.1,sigmoid,0.0
573,2338.0,30.0,4.4507997569,0.0,0.0,0.2,2.0,2.0,0.0,1.0,nonlinear,1.1,sigmoid,0.0
574,2341.0,30.0,0.0,0.0,0.0,0.2,2.0,2.0,0.0,1.0,nonlinear,1.1,sigmoid,0.0
575,2347.0,30.0,0.0,0.0,0.0,0.2,2.0,2.0,0.0,1.0,nonlinear,1.1,sigmoid,0.0
576,2350.0,30.0,0.0,0.0,0.0,0.2,2.0,2.0,0.0,1.0,nonlinear,1.1,sigmoid,0.0
577,2353.0,30.0,0.0,0.0,0.0,0.2,2.0,2.0,0.0,1.0,nonlinear,1.1,sigmoid,0.0
578,2356.0,30.0,1.3239109847,0.0,0.0,0.5,2.0,2.0,0.0,1.0,nonlinear,1.1,sigmoid,3.0
579,2365.0,30.0,4.141119082,0.0,0.0,0.2,2.0,2.0,0.0,1.0,nonlinear,1.1,sigmoid,0.0
580,2368.0,30.0,4.3159867181,0.0,0.0,0.2,2.0,2.0,0.0,1.0,nonlinear,1.1,sigmoid,0.0
581,2371.0,30.0,3.9299810755,0.0,0.0,0.2,2.0,2.0,0.0,1.0,nonlinear,1.1,sigmoid,0.0
582,2377.0,30.0,0.0,0.0,0.0,0.2,2.0,2.0,0.0,1.0,nonlinear,1.1,sigmoid,0.0
583,2380.0,30.0,0.0,0.0,0.0,0.2,2.0,2.0,0.0,1.0,nonlinear,1.1,sigmoid,0.0
584,2383.0,30.0,6.375,0.0,0.0,0.2,2.0,2.0,0.0,1.0,nonlinear,1.1,sigmoid,0.0
585,2386.0,30.0,4.0099787744,0.0,0.0,0.2,2.0,2.0,0.0,1.0,nonlinear,1.1,sigmoid,0.0
586,2389.0,30.0,0.0,0.0,0.0,0.2,2.0,2.0,0.0,1.0,nonlinear,1.1,sigmoid,0.0
587,2398.0,30.0,0.0,0.0,0.0,0.2,2.0,2.0,0.0,1.0,nonlinear,1.1,sigmoid,0.0
588,2404.0,30.0,0.0,0.0,0.0,0.2,2.0,2.0,0.0,1.0,nonlinear,1.1,sigmoid,0.0
589,2411.0,30.0,4.0630697216,0.0,0.0,0.2,2.0,2.0,0.0,1.0,nonlinear,1.1,sigmoid,0.0
590,2415.0,30.0,0.0,0.0,0.0,0.2,2.0,2.0,0.0,1.0,nonlinear,1.1,sigmoid,0.0
591,2419.0,30.0,0.0,0.0,0.0,0.2,2.0,2.0,0.0,1.0,nonlinear,1.1,sigmoid,0.0
592,2423.0,30.0,6.5791393144,0.0,0.0,0.2,2.0,2.0,0.0,1.0,nonlinear,1.1,sigmoid,0.0
593,2427.0,30.0,4.6512866318,0.0,0.0,0.2,2.0,2.0,0.0,1.0,nonlinear,1.1,sigmoid,0.0
594,2431.0,30.0,4.084508866,0.0,0.0,0.2,2.0,2.0,0.0,1.0,nonlinear,1.1,sigmoid,0.0
595,2435.0,30.0,0.0,0.0,0.0,0.2,2.0,2.0,0.0,1.0,nonlinear,1.1,sigmoid,0.0
596,2439.0,30.0,6.4505416134,0.0,0.0,0.2,2.0,2.0,0.0,1.0,nonlinear,1.1,sigmoid,0.0
597,2443.0,30.0,0.0,0.0,0.0,0.2,2.0,2.0,0.0,1.0,nonlinear,1.1,sigmoid,0.0
598,2447.0,30.0,0.0,0.0,0.0,0.2,2.0,2.0,0.0,1.0,nonlinear,1.1,sigmoid,0.0
599,2451.0,30.0,7.5,0.0,0.0,0.2,2.0,2.0,0.0,1.0,nonlinear,1.1,sigmoid,0.0
600,2455.0,30.0,7.5,0.0,0.0,0.2,2.0,2.0,0.0,1.0,nonlinear,1.1,sigmoid,0.0
601,2459.0,30.0,0.0,0.0,0.0,0.2,2.0,2.0,0.0,1.0,nonlinear,1.1,sigmoid,0.0
602,2463.0,30.0,6.8918918919,0.0,0.0,0.2,2.0,2.0,0.0,1.0,nonlinear,1.1,sigmoid,0.0
603,2467.0,30.0,0.0,0.0,0.0,0.2,2.0,2.0,0.0,1.0,nonlinear,1.1,sigmoid,0.0
604,2475.0,30.0,5.6390840489,0.0,0.0,0.2,2.0,2.0,0.0,1.0,nonlinear,1.1,sigmoid,0.0
605,2479.0,30.0,0.0,0.0,0.0,0.2,2.0,2.0,0.0,1.0,nonlinear,1.1,sigmoid,0.0
606,2483.0,30.0,5.8043981482,0.0,0.0,0.2,2.0,2.0,0.0,1.0,nonlinear,1.1,sigmoid,0.0
607,2487.0,30.0,7.5,0.0,0.0,0.2,2.0,2.0,0.0,1.0,nonlinear,1.1,sigmoid,0.0
608,2491.0,30.0,0.0,0.0,0.0,0.2,2.0,2.0,0.0,1.0,nonlinear,1.1,sigmoid,0.0
609,2495.0,30.0,0.0,0.0,0.0,0.2,2.0,2.0,0.0,1.0,nonlinear,1.1,sigmoid,0.0
610,2499.0,30.0,0.0,0.0,0.0,0.2,2.0,2.0,0.0,1.0,nonlinear,1.1,sigmoid,0.0
611,2511.0,30.0,0.0,0.0,0.0,0.2,2.0,2.0,0.0,1.0,nonlinear,1.1,sigmoid,0.0
612,2515.0,30.0,0.0,0.0,0.0,0.2,2.0,2.0,0.0,1.0,nonlinear,1.1,sigmoid,0.0
613,2519.0,30.0,6.8918918919,0.0,0.0,0.2,2.0,2.0,0.0,1.0,nonlinear,1.1,sigmoid,0.0
614,2523.0,30.0,6.0208333333,0.0,0.0,0.2,2.0,2.0,0.0,1.0,nonlinear,1.1,sigmoid,0.0
615,2527.0,30.0,0.0,0.0,0.0,0.2,2.0,2.0,0.0,1.0,nonlinear,1.1,sigmoid,0.0
616,2531.0,30.0,5.6666666667,0.0,0.0,0.2,2.0,2.0,0.0,1.0,nonlinear,1.1,sigmoid,0.0
617,2535.0,30.0,0.0,0.0,0.0,0.2,2.0,2.0,0.0,1.0,nonlinear,1.1,sigmoid,0.0
618,2539.0,30.0,0.0,0.0,0.0,0.2,2.0,2.0,0.0,1.0,nonlinear,1.1,sigmoid,0.0
619,2543.0,30.0,0.0,0.0,0.0,0.2,2.0,2.0,0.0,1.0,nonlinear,1.1,sigmoid,0.0
620,2547.0,30.0,7.5,0.0,0.0,0.2,2.0,2.0,0.0,1.0,nonlinear,1.1,sigmoid,0.0
621,2551.0,30.0,0.0,0.0,0.0,0.2,2.0,2.0,0.0,1.0,nonlinear,1.1,sigmoid,0.0
622,2559.0,30.0,4.7035906426,0.0,0.0,0.2,2.0,2.0,0.0,1.0,nonlinear,1.1,sigmoid,0.0
623,2563.0,30.0,5.6658528323,0.0,0.0,0.2,2.0,2.0,0.0,1.0,nonlinear,1.1,sigmoid,0.0
624,2575.0,30.0,3.3948628053,0.0,0.0,0.5,2.0,2.0,0.0,1.0,nonlinear,1.1,sigmoid,3.0
625,2579.0,30.0,0.0,0.0,0.0,0.2,2.0,2.0,0.0,1.0,nonlinear,1.1,sigmoid,0.0
626,2583.0,30.0,0.0,0.0,0.0,0.2,2.0,2.0,0.0,1.0,nonlinear,1.1,sigmoid,0.0
627,2587.0,30.0,0.0,0.0,0.0,0.2,2.0,2.0,0.0,1.0,nonlinear,1.1,sigmoid,0.0
628,2591.0,30.0,3.7681238043,0.0,0.0,0.2,2.0,2.0,0.0,1.0,nonlinear,1.1,sigmoid,0.0
629,2599.0,30.0,4.5,0.0,0.0,0.2,2.0,2.0,0.0,1.0,nonlinear,1.1,sigmoid,0.0
630,2612.0,30.0,0.0,0.0,0.0,0.2,2.0,2.0,0.0,1.0,nonlinear,1.1,sigmoid,0.0
631,2618.0,30.0,0.0,0.0,0.0,0.2,2.0,2.0,0.0,1.0,nonlinear,1.1,sigmoid,0.0
632,2633.0,30.0,0.0,0.0,0.0,0.2,2.0,2.0,0.0,1.0,nonlinear,1.1,sigmoid,0.0
633,2636.0,30.0,0.0,0.0,0.0,0.2,2.0,2.0,0.0,1.0,nonlinear,1.1,sigmoid,0.0
634,2639.0,30.0,0.0,0.0,0.0,0.2,2.0,2.0,0.0,1.0,nonlinear,1.1,sigmoid,0.0
635,2645.0,30.0,5.1673902557,0.0,0.0,0.2,2.0,2.0,0.0,1.0,nonlinear,1.1,sigmoid,0.0
636,2650.0,30.0,0.0,0.0,0.0,0.2,2.0,2.0,0.0,1.0,nonlinear,1.1,sigmoid,0.0
637,2726.0,30.0,0.0,0.0,0.0,0.2,2.0,2.0,0.0,1.0,nonlinear,1.1,sigmoid,0.0
